CORPORATE_IDENTIFICATION_NUMBER;COMPANY_NAME;COMPANY_STATUS;COMPANY_CLASS;COMPANY_CATEGORY;COMPANY_SUB_CATEGORY;DATE_OF_REGISTRATION;REGISTERED_STATE;AUTHORIZED_CAP;PAIDUP_CAPITAL;INDUSTRIAL_CLASS;PRINCIPAL_BUSINESS_ACTIVITY_AS_PER_CIN;REGISTERED_OFFICE_ADDRESS;REGISTRAR_OF_COMPANIES;EMAIL_ADDR;LATEST_YEAR_ANNUAL_RETURN;LATEST_YEAR_FINANCIAL_STATEMENT
L21010GJ1995PLC025135;SHREE AJIT PULP AND PAPER LIMITED   ;ACTV;Public;Company limited by Shares;Non-govt company;23-3-1995;Gujarat;150000000.0;53567000.0;21010.0;Manufacturing;SURVEY NO. 239, NEAR MORAI RAILWAY CROSSING,VILLAGE SALVAV, VIA-VAPI,  ;ROC AHMEDABAD;SHREEAJIT@SHREEAJIT.COM;31-3-2019;31-3-2019
L21012GJ1961PLC001073;SPECIALITY PAPERS LIMITED   ;ACTV;Public;Company limited by Shares;Non-govt company;18-7-1961;Gujarat;250000000.0;1561641360.0;21012.0;Manufacturing;MORAINATIONAL HIGHWAY   ;ROC AHMEDABAD;csspeciality@gmail.com;31-3-2019;31-3-2019
L21090GJ2010PLC063428;ASTRON PAPER & BOARD MILL LIMITED   ;ACTV;Public;Company limited by Shares;Non-govt company;29-12-2010;Gujarat;500000000.0;465000000.0;21090.0;Manufacturing;D-702, SEVENTH  FLOORGANESH MERIDEN, OPP:- HIGH COURT, S.G.HIGHWAY  ;ROC AHMEDABAD;cs@astronpaper.com;31-3-2019;31-3-2019
L21093GJ1991PLC057244;SHREE RAJESHWARANAND PAPER MILLS LIMITED   ;ACTV;Public;Company limited by Shares;Non-govt company;20-3-1991;Gujarat;130000000.0;124500000.0;21093.0;Manufacturing;BHARUCH JHAGADIA ROADGOVALI  ;ROC AHMEDABAD;s_rajeshwaranand@hotmail.com;31-3-2019;31-3-2019
L21100GJ1991PLC016644;DIVINE MULTIMEDIA(INDIA) LIMITED   ;ACTV;Public;Company limited by Shares;Non-govt company;20-11-1991;Gujarat;200000000.0;66920000.0;21100.0;Manufacturing;1st Floor, 101/2, Panorama Complex, R C Dutt Road,Alkapuri  ;ROC AHMEDABAD;divinemultimedialtd@gmail.com;31-3-2015;31-3-2015
L21308GJ1989PLC012743;GUJARAT POLY ELECTRONICS LIMITED   ;ACTV;Public;Company limited by Shares;Non-govt company;14-9-1989;Gujarat;220000000.0;183650000.0;21308.0;Manufacturing;B-18, Gandhinagar Electronic Estate   ;ROC AHMEDABAD;gpel@kilachand.com;31-3-2019;31-3-2019
L22100GJ1993PLC020382;LIPPI SYSTEMS LIMITED   ;ACTV;Public;Company limited by Shares;Non-govt company;8-10-1993;Gujarat;100000000.0;70000000.0;22100.0;Manufacturing;3RD FLOOR, SATYA COMPLEX, NR ASHWAMEGH IV,132 FT RING ROAD, SATELLITE ROAD,  ;ROC AHMEDABAD;cs@lippisystems.com;31-3-2019;31-3-2019
L22100GJ1995PLC024944;SUNGOLD MEDIA AND ENTERTAINMENT LIMITED   ;ACTV;Public;Company limited by Shares;Non-govt company;9-3-1995;Gujarat;50000000.0;50000000.0;22100.0;Manufacturing;13, Radhakrushna Mandir Compound,Village- Rajpipla  ;ROC AHMEDABAD;info@sungoldmediaent.com;31-3-2019;31-3-2019
L22121GJ1943PLC000183;THE SANDESH LIMITED   ;ACTV;Public;Company limited by Shares;Non-govt company;11-3-1943;Gujarat;150000000.0;75694210.0;22121.0;Manufacturing;SANDESH BHAVAN, LAD SOCIETY ROAD,B/H VASTRAPUR GAM, P.O.BODAKDEV  ;ROC AHMEDABAD;cs@sandesh.com;31-3-2019;31-3-2019
L22122GJ1988PLC010503;HI-TECH WINDING SYSTEMS LIMITED   ;ACTV;Public;Company limited by Shares;Non-govt company;25-3-1988;Gujarat;60000000.0;48579000.0;22122.0;Manufacturing;08 / GOKUL COMPLEX, OPP. NAGRI HOSPITAL,GUJARAT COLLEGE ROAD, ELLISBRIDGE  ;ROC AHMEDABAD;hitechwindingsystemslimited@gmail.com;31-3-2019;31-3-2019
L22130GJ1990PLC014567;VERONICA PRODUCTION LIMITED   ;ACTV;Public;Company limited by Shares;Non-govt company;25-10-1990;Gujarat;750000000.0;712879000.0;22130.0;Manufacturing;130, SILVER CHAMBER, TAGORE ROAD,OPP. ATUL MOTORS,  ;ROC AHMEDABAD;shreychemicals@gmail.com;31-3-2016;31-3-2016
L22210GJ1995PLC047208;D.B. CORP LIMITED   ;ACTV;Public;Company limited by Shares;Non-govt company;27-10-1995;Gujarat;2500000000.0;1749471500.0;22210.0;Manufacturing;PLOT NO. 280, SARKHEJ-GANDHINAGAR HIGHWAY, NR.YMCA CLUB , MAKARBA  ;ROC AHMEDABAD;dbcs@dbcorp.in;31-3-2019;31-3-2019
L22219GJ1992PLC017073;SCANPOINT GEOMATICS LIMITED   ;ACTV;Public;Company limited by Shares;Non-govt company;7-2-1992;Gujarat;130000000.0;98839036.0;22219.0;Manufacturing;9, MAHAKANT COMPLEX, OPP. V. S. HOSPITAL,ASHRAM ROAD,  ;ROC AHMEDABAD;cs@sgligis.com;31-3-2019;31-3-2019
L22219GJ2010PLC063243;GALA GLOBAL PRODUCTS LIMITED   ;ACTV;Public;Company limited by Shares;Non-govt company;14-12-2010;Gujarat;303000000.0;272940415.0;22219.0;Manufacturing;B-1, LAXMI COM. CO.OP. ESTATE,B/H OLD NAVNEET PRESS,SUKHRAMNAGAR  ;ROC AHMEDABAD;inf.galaglobal@gmail.com;31-3-2019;31-3-2019
L23100GJ1990PLC014692;KAVIT INDUSTRIES LIMITED   ;ACTV;Public;Company limited by Shares;Non-govt company;23-11-1990;Gujarat;464500000.0;619333330.0;23100.0;Manufacturing;VILL : TUNDAO, TAL: SALVI   ;ROC AHMEDABAD;kavitindustrieslimited@gmail.com;31-3-2019;31-3-2019
L23200GJ1969PLC001569;INDIAN PETROCHEMICALS CORPORATION LIMITED  ;AMAL;Public;Company limited by Shares;Non-govt company;22-3-1969;Gujarat;16000000000.0;3007027980.0;23200.0;Manufacturing;P.O. PETROCHEMICALS-391345   ;ROC AHMEDABAD;investorrelations.corpo@ipcl.co.in;31-3-2006;31-3-2006
L23200GJ1985PLC008013;ADVANCE PETROCHEMICALS LIMITED   ;ACTV;Public;Company limited by Shares;Non-govt company;9-8-1985;Gujarat;20000000.0;9000000.0;23200.0;Manufacturing;36,KOYHARI MARKETKANKARIA ROAD  ;ROC AHMEDABAD;info@advancepetro.com;31-3-2019;31-3-2019
L23200GJ1991PLC016272;BENZO PETRO INTERNATIONAL LIMITED   ;ACTV;Public;Company limited by Shares;Non-govt company;18-9-1991;Gujarat;180000000.0;110952000.0;23200.0;Manufacturing;5 WELCOME SHOPPING CENTRE OPP PUNIT NAGAROLD PADRA ROAD  ;ROC AHMEDABAD;benzobaroda@yahoo.com;31-3-2013;31-3-2013
L23200GJ1994PLC022009;NOVAGOLD PETRO-RESOURCES LIMITED   ;ACTV;Public;Company limited by Shares;Non-govt company;9-5-1994;Gujarat;70000000.0;55219000.0;23200.0;Manufacturing;A-202 VRINDAVAN TOWN SHIP,ISKON MANDIR ROAD, GOTRI,  ;ROC AHMEDABAD;investor.relations@novagoldpetro.com;31-3-2018;31-3-2018
L23201GJ1993PLC018889;ALPHA HI-TECH FUEL LIMITED   ;ACTV;Public;Company limited by Shares;Non-govt company;29-1-1993;Gujarat;50000000.0;36785060.0;23201.0;Manufacturing;STATION ROAD,LAKHTAR,DIST.SURENDRANAGAR.382775.   ;ROC AHMEDABAD;haren108@yahoo.com;31-3-2019;31-3-2019
L23203GJ1980PLC003623;GUJARAT GAS COMPANY LIMITED   ;AMAL;Public;Company limited by Shares;Non-govt company;17-1-1980;Gujarat;450000000.0;256500000.0;23203.0;Manufacturing;2 SHANTISADAN SOCNR PARIMAL GARDEN,ELLISEBRIDGE  ;ROC AHMEDABAD;rajeshwari.sharma@gujaratgas.com;31-3-2014;31-3-2014
L23205GJ1965PLC001343;TRANSPEK INDUSTRY LIMITED   ;ACTV;Public;Company limited by Shares;Non-govt company;6-10-1965;Gujarat;125000000.0;55855690.0;23205.0;Manufacturing;6TH FLOOR MARBLE ARCHRACE COURSE  ;ROC AHMEDABAD;secretarial@transpek.com;31-3-2019;31-3-2019
L23209GJ1982PLC005062;PANAMA PETROCHEM LIMITED   ;ACTV;Public;Company limited by Shares;Non-govt company;9-3-1982;Gujarat;255500000.0;120987196.0;23209.0;Manufacturing;PLOT NO 3303, GIDC ESTATE   ;ROC AHMEDABAD;cs@panamapetro.com;31-3-2019;31-3-2019
L23209GJ1989PLC013053;BLUE BLENDS PETROCHEMICALS LIMITED   ;ACTV;Public;Company limited by Shares;Non-govt company;27-1-1989;Gujarat;200000000.0;38360000.0;23209.0;Manufacturing;PLOT NO. 123/B, SAIJPURGOPALPUR, PIRANA ROAD,  ;ROC AHMEDABAD;blueblends.ho@gmail.com;31-3-2018;31-3-2018
L23209GJ1991PLC016666;ASIAN PETRO PRODUCTS AND EXPORTERSLIMITED  ;ACTV;Public;Company limited by Shares;Non-govt company;26-11-1991;Gujarat;100000000.0;53000000.0;23209.0;Manufacturing;TANDAV RAMIA ROAD, VILLAGE: ANJESARTAL: SARLI  ;ROC AHMEDABAD;cs@asianpetro.co.in;31-3-2019;31-3-2019
L23209GJ2007PLC049792;AAKASH EXPLORATION SERVICES LIMITED   ;ACTV;Public;Company limited by Shares;Non-govt company;17-1-2007;Gujarat;70000000.0;67500000.0;23209.0;Manufacturing;424-426, 4TH FLOOR, SHUKAN MALLNR. VISAT PETROL PUMP, SABARMATI  ;ROC AHMEDABAD;hemang@aakashexploration.com;31-3-2019;31-3-2019
L24100GJ1982PLC005302;OSIAN INDUSTRIES LIMITED   ;ACTV;Public;Company limited by Shares;Non-govt company;1-7-1982;Gujarat;55000000.0;50000000.0;24100.0;Manufacturing;Shrimad BhawanOff No. SF 23, 3rd Floor, Opp Kanta Vikas Gruh  ;ROC AHMEDABAD;uky1983@rediffmail.com;31-3-2011;31-3-2011
L24100GJ1983PLC006513;GHCL LIMITED   ;ACTV;Public;Company limited by Shares;Non-govt company;14-10-1983;Gujarat;1750000000.0;982132860.0;24100.0;Manufacturing;GHCL HOUSE OPP PUNJABI HALLNAVRANGPURA   ;ROC AHMEDABAD;secretarial@ghcl.co.in;31-3-2019;31-3-2019
L24100GJ1984PLC111413;MEDICO INTERCONTINENTAL LIMITED   ;ACTV;Public;Company limited by Shares;Non-govt company;14-8-1984;Gujarat;100000000.0;32490000.0;24100.0;Manufacturing;1-5TH FLOOR, ADIT RAJ ARCADENR KARMA SHRESHTHA TOWER, 100 FT RD, SATELLITE  ;ROC AHMEDABAD;mail@medicointercontinental.com;31-3-2019;31-3-2019
L24100GJ1985PLC007753;GUJARAT TERCE LABORATORIES LIMITED   ;ACTV;Public;Company limited by Shares;Non-govt company;28-3-1985;Gujarat;110000000.0;74203000.0;24100.0;Manufacturing;122/2 RAVI ESTATE,BILESHWARPURA,CHHTRAL  ;ROC AHMEDABAD;cs@gujaratterce.com;31-3-2019;31-3-2019
L24100GJ1990PLC013886;DYNEMIC PRODUCTS LIMITED   ;ACTV;Public;Company limited by Shares;Non-govt company;14-6-1990;Gujarat;130000000.0;113284490.0;24100.0;Manufacturing;B-301, SATYAMEV COMPLEX-1GANDHINAGAR-SARKHEJ HIGHWAY ROAD  ;ROC AHMEDABAD;cs@dynemic.com;31-3-2019;31-3-2019
L24100GJ1991PLC015530;CRESTCHEM LIMITED   ;ACTV;Public;Company limited by Shares;Non-govt company;26-4-1991;Gujarat;40000000.0;30000000.0;24100.0;Manufacturing;Sr. No.550/1, Sub Plot No. 12,Village - Indrad, Taluka - Kadi,  ;ROC AHMEDABAD;info@crestchemlimited.in;31-3-2019;31-3-2019
L24100GJ1992PLC017574;NEWTON ENGINEERING AND CHEMICALS LIMITED   ;ACTV;Public;Company limited by Shares;Non-govt company;5-5-1992;Gujarat;80000000.0;78894500.0;24100.0;Manufacturing;864/B, GIDC,MAKARPURA,  ;ROC AHMEDABAD;accountsmanager@newtonengg.com;31-3-2014;31-3-2018
L24100GJ2005PLC047292;SANGINITA CHEMICALS LIMITED   ;ACTV;Public;Company limited by Shares;Non-govt company;15-12-2005;Gujarat;180000000.0;172677000.0;24100.0;Manufacturing;301, 3RD FLOOR, SHALIN COMPLEX,SECTOR 11GANDHINAGAR  ;ROC AHMEDABAD;dbchavada@yahoo.co.in;31-3-2019;31-3-2019
L24110GJ1939PLC000748;D C W LIMITED   ;ACTV;Public;Company limited by Shares;Non-govt company;28-1-1939;Gujarat;650000000.0;522060742.0;24110.0;Manufacturing;;ROC AHMEDABAD;dilip.darji@dcwltd.com;31-3-2019;31-3-2018
L24110GJ1951PLC000683;SAURASHTRA CHEMICALS LIMITED   ;AMAL;Public;Company limited by Shares;Non-govt company;22-8-1951;Gujarat;2250000000.0;247080232.0;24110.0;Manufacturing;BIRLASAGAR   ;ROC AHMEDABAD;sec@saukemindia.com;31-3-2011;31-3-2011
L24110GJ1969PLC001590;THEMIS MEDICARE LIMITED   ;ACTV;Public;Company limited by Shares;Non-govt company;31-5-1969;Gujarat;100000000.0;91809420.0;24110.0;Manufacturing;PLOT NO 69-A,GIDC IND ESTATE, DIST- VALSAD  ;ROC AHMEDABAD;sangameshwar.iyer@themismedicare.com;31-3-2019;31-3-2019
L24110GJ1970PLC001735;DEEPAK NITRITE LIMITED   ;ACTV;Public;Company limited by Shares;Non-govt company;6-6-1970;Gujarat;500000000.0;272786082.0;24110.0;Manufacturing;Aaditya-I,Chhani Road,  ;ROC AHMEDABAD;abajpai@godeepak.com;31-3-2019;31-3-2019
L24110GJ1973PLC002247;GUJARAT ALKALIES AND CHEMICALS LIMITED   ;ACTV;Public;Company limited by Shares;Non-govt company;29-3-1973;Gujarat;1500000000.0;734369280.0;24110.0;Manufacturing;PO PETROCHEMICALS,   ;ROC AHMEDABAD;cosec@gacl.co.in;31-3-2019;31-3-2019
L24110GJ1976PLC002903;GUJARAT NARMADA VALLEY FERTILIZERS &CHEMICALS LIMITED  ;ACTV;Public;Company limited by Shares;Non-govt company;10-5-1976;Gujarat;2500000000.0;1554187830.0;24110.0;Manufacturing;P.O. NarmadanagarDist. Bharuch  ;ROC AHMEDABAD;tjlakhmapurkar@gnfc.in;31-3-2019;31-3-2019
L24110GJ1976PLC002905;DIAMINES AND CHEMICALS LIMITED   ;ACTV;Public;Company limited by Shares;Non-govt company;12-5-1976;Gujarat;175500000.0;97832000.0;24110.0;Manufacturing;PLOT NO 13 PCC AREA POPETROCHEMICALS   ;ROC AHMEDABAD;secretarial@dacl.co.in;31-3-2019;31-3-2019
L24110GJ1977PLC003069;MANISH ORGANICS INDIA LIMITED   ;ACTV;Public;Company limited by Shares;Non-govt company;29-10-1977;Gujarat;30000000.0;13200000.0;24110.0;Manufacturing;7/A, RATNAM,C G ROAD, ELLISBRIDGE  ;ROC AHMEDABAD;jwalinjb@gmail.com;31-3-2018;31-3-2018
L24110GJ1979PLC003549;INDU NISSAN OXO CHEMICAL INDUSTRIESLIMITED  ;ACTV;Public;Company limited by Shares;Non-govt company;8-11-1979;Gujarat;500000000.0;165000000.0;24110.0;Manufacturing;BAJWA CHHANI ROAD, B/H GSFC COMPOUND   ;ROC AHMEDABAD;mehoolbhuva@yahoo.com;31-3-2019;31-3-2019
L24110GJ1980PLC003681;MOTOROL SPECIALITY OILS LIMITED   ;ULQD;Public;Company limited by Shares;Non-govt company;4-3-1980;Gujarat;83000000.0;4733000.0;24110.0;Manufacturing;2 ND FLOOR MOTOROLHOUSE R C DUTT ROAD   ;ROC AHMEDABAD;motorolinc@satyam.net.in;;
L24110GJ1982PLC005057;VIVANZA BIOSCIENCES LIMITED   ;ACTV;Public;Company limited by Shares;Non-govt company;6-3-1982;Gujarat;40000000.0;40000000.0;24110.0;Manufacturing;403, Sarthik 2, Opp. Rajpath Club,S. G. Highway  ;ROC AHMEDABAD;info@vivanzabiosciences.com;31-3-2019;31-3-2019
L24110GJ1984PLC007301;AARTI INDUSTRIES LTD   ;ACTV;Public;Company limited by Shares;Non-govt company;28-9-1984;Gujarat;1150751600.0;871172370.0;24110.0;Manufacturing;PLOT NO 801/23 GIDC ESTATEPHASE III   ;ROC AHMEDABAD;investorrelations@aarti-industries.com;31-3-2019;31-3-2019
L24110GJ1985PLC008225;SKYLEAD CHEMICALS LTD   ;ACTV;Public;Company limited by Shares;Non-govt company;31-10-1985;Gujarat;80000000.0;67199100.0;24110.0;Manufacturing;Survey No.315, Bhavnagar-Sihor Road,Navagam (Kardej), Post. Vartej,  ;ROC AHMEDABAD;skylead@rediffmail.com;31-3-2018;31-3-2018
L24110GJ1986PLC008634;CHEMIESYNTH (VAPI) LIMITED   ;ACTV;Public;Company limited by Shares;Non-govt company;24-4-1986;Gujarat;32500000.0;30700000.0;24110.0;Manufacturing;PLOT NO 27 GIDC VAPI DIST   ;ROC AHMEDABAD;corporate@chemiesynth.com;31-3-2019;31-3-2019
L24110GJ1986PLC008924;YOGI HEALTHCARE LIMITED   ;ULQD;Public;Company limited by Shares;Non-govt company;28-8-1986;Gujarat;1000000000.0;339879260.0;24110.0;Manufacturing;4-J, SUMERU CENTRE, 5TH FLOORNEAR SUVIDHA SHOPPING CENTRE, PALDI  ;ROC AHMEDABAD;finance@corehealthcare.com;31-3-2007;31-3-2008
L24110GJ1986PLC009003;BODAL CHEMICALS LIMITED   ;ACTV;Public;Company limited by Shares;Non-govt company;24-9-1986;Gujarat;520000000.0;244660330.0;24110.0;Manufacturing;PLOT NO 123 AND 124 PHASE  -1 GIDC VATVA   ;ROC AHMEDABAD;secretarial@bodal.com;31-3-2019;31-3-2019
L24110GJ1987PLC009362;GFL LIMITED   ;ACTV;Public;Company limited by Shares;Non-govt company;4-2-1987;Gujarat;200000000.0;109850000.0;24110.0;Manufacturing;SURVEY NO 16/3 26 27 RANJITNAGAR ,GHOGHAMBA TAL  ;ROC AHMEDABAD;bvdesai@gfl.co.in;31-3-2019;31-3-2019
L24110GJ1987PLC009484;METROCHEM INDUSTRIES LIMITED   ;AMAL;Public;Company limited by Shares;Non-govt company;10-3-1987;Gujarat;450000000.0;114333330.0;24110.0;Manufacturing;PLOT NO. 491, GIDC, PHASE-II,VATVA  ;ROC AHMEDABAD;gautam.jain@metrochem.in;31-3-2010;31-3-2010
L24110GJ1987PLC009543;LIBERTY PHOSPHATE LIMITED   ;AMAL;Public;Company limited by Shares;Non-govt company;3-4-1987;Gujarat;250000000.0;194382010.0;24110.0;Manufacturing;74 /75 G I D CNANDESARI   ;ROC AHMEDABAD;Investorsgrievance@coromandel.murugappa.com;31-3-2013;31-3-2013
L24110GJ1989PLC011989;DYNAMIC INDUSTRIES LIMITED   ;ACTV;Public;Company limited by Shares;Non-govt company;10-3-1989;Gujarat;35000000.0;30285000.0;24110.0;Manufacturing;PLOT NO.5501,PHASE-III NR.TRIKAMPURA CROSS ROADG I D C VATVA  ;ROC AHMEDABAD;deepakchokshi@gmail.com;31-3-2019;31-3-2019
L24110GJ1989PLC012272;SARANG CHEMICALS LIMITED   ;ACTV;Public;Company limited by Shares;Non-govt company;24-5-1989;Gujarat;175000000.0;175000000.0;24110.0;Manufacturing;C/4/806,ANUSHRUTI TOWERS,NEAR THALTEJ JAIN DERASARTHALTEJ CROSS ROADS,S.G. ROAD,  ;ROC AHMEDABAD;sarangchemicalsltd@yahoo.co.in;31-3-2008;31-3-2010
L24110GJ1989PLC012441;AKSHARCHEM (INDIA ) LIMITED   ;ACTV;Public;Company limited by Shares;Non-govt company;4-7-1989;Gujarat;200000000.0;82025900.0;24110.0;Manufacturing;166/169 , Indrad Village , Kadi-Kalol Road   ;ROC AHMEDABAD;cs@aksharchemindia.com;31-3-2019;31-3-2018
L24110GJ1990PLC013967;RIDDHI SIDDHI GLUCO BIOLS LIMITED   ;ACTV;Public;Company limited by Shares;Non-govt company;2-7-1990;Gujarat;260000000.0;71329860.0;24110.0;Manufacturing;10, ABHISHREE CORPORATE PARK,NR.SWAGAT BUNGLOWS BRTS BUSSTAND AMBALI BOPAL ROAD  ;ROC AHMEDABAD;ahmd@riddhisiddhi.co.in;31-3-2019;31-3-2019
L24110GJ1991PLC015507;PRATIKSHA CHEMICALS LIMITED   ;ACTV;Public;Company limited by Shares;Non-govt company;24-4-1991;Gujarat;75000000.0;55703400.0;24110.0;Manufacturing;H K COMPLEX 3RD FLOOROPP DHARNIDHAR DERASARVASNA  ;ROC AHMEDABAD;exports@dharapratiksha.com;31-3-2019;31-3-2019
L24110GJ1991PLC020753;SABERO ORGANICS GUJARAT LIMITED   ;AMAL;Public;Company limited by Shares;Non-govt company;29-11-1991;Gujarat;360000000.0;338510970.0;24110.0;Manufacturing;PLOT NO 2102, GIDC,SARIGAM,  ;ROC AHMEDABAD;mails@sabero.com;31-3-2014;31-3-2014
L24110GJ1992PLC017164;SUNITEE CHEMICALS LIMITED   ;ACTV;Public;Company limited by Shares;Non-govt company;25-2-1992;Gujarat;60000000.0;51903750.0;24110.0;Manufacturing;24, LAXMI CHAMBERS, NAVJEEVAN PRESS ROADOPP. OLD GUJARAT HIGH COURT  ;ROC AHMEDABAD;sunitteechemicals@rediffmail.com;31-3-2019;31-3-2019
L24110GJ1992PLC018355;NARMADA CHEMATUR PETROCHEMICALS LTD   ;AMAL;Public;Company limited by Shares;Non-govt company;29-9-1992;Gujarat;1500000000.0;616213570.0;24110.0;Manufacturing;OPP GNFC CORPORATE OFFICE,P.O.-NARMADANAGAR, DIST- BHARUCH  ;ROC AHMEDABAD;secr@ncpl.in;31-3-2006;31-3-2006
L24110GJ1992PLC018638;OMNI DYECHEM EXPORTS LIMITED   ;ACTV;Public;Company limited by Shares;Non-govt company;30-11-1992;Gujarat;80000000.0;76050000.0;24110.0;Manufacturing;PLOT NO 94 TO 96 SARKHEJBAVLA ROAD CHACHARWADIVASNA  ;ROC AHMEDABAD;info@omnipigments.com;31-3-2008;31-3-2010
L24110GJ1993PLC019094;DIAMOND INFOSYSTEMS LIMITED   ;ACTV;Public;Company limited by Shares;Non-govt company;9-3-1993;Gujarat;412000000.0;402000000.0;24110.0;Manufacturing;ESSEN INFO PARK5/9-10 BIDC GORWA   ;ROC AHMEDABAD;acs@dicabs.com;31-3-2017;31-3-2017
L24110GJ1993PLC019941;ARCHIT ORGANOSYS LIMITED   ;ACTV;Public;Company limited by Shares;Non-govt company;4-8-1993;Gujarat;250000000.0;150207230.0;24110.0;Manufacturing;PLOT NO 25/9-A PHASE-III GIDCNARODA   ;ROC AHMEDABAD;share@architorg.com;31-3-2019;31-3-2019
L24110GJ1993PLC020102;PARKER AGRO-CHEM EXPORTS LIMITED   ;ACTV;Public;Company limited by Shares;Non-govt company;30-8-1993;Gujarat;50000000.0;47790000.0;24110.0;Manufacturing;BLOCK-H, PLOT 3&4,NEW KANDLA (KUTCH)  ;ROC AHMEDABAD;parkeragro_abd@yahoo.in;31-3-2019;31-3-2019
L24110GJ1993PLC020737;ISHAN DYES AND CHEMICALS LIMITED   ;ACTV;Public;Company limited by Shares;Non-govt company;30-11-1993;Gujarat;250000000.0;159681470.0;24110.0;Manufacturing;18, G.I.D.C ESTATEPHASE - 1, VATVA  ;ROC AHMEDABAD;ishandyes@yahoo.com;31-3-2019;31-3-2019
L24110GJ1995PLC024052;MEGHMANI ORGANICS LIMITED   ;ACTV;Public;Company limited by Shares;Non-govt company;2-1-1995;Gujarat;370000000.0;254314000.0;24110.0;Manufacturing;184 GIDC PAHSE-IIVATVA   ;ROC AHMEDABAD;kamlesh.mehta@meghmani.com;31-3-2019;31-3-2019
L24111GJ1992PLC018192;EXCEL CASTRONICS LIMITED   ;ACTV;Public;Company limited by Shares;Non-govt company;25-8-1992;Gujarat;187500000.0;81427000.0;24111.0;Manufacturing;Imperial Heights, B-301/302, 3rd Floor,Opp. Big Bazar, 150 Feet Ring Road, Rajkot,  ;ROC AHMEDABAD;compliance@excelcastronics.com;31-3-2015;31-3-2015
L24111GJ1995PLC025266;ALANG INDUSTRIAL GASES LTD   ;ACTV;Public;Company limited by Shares;Non-govt company;31-3-1995;Gujarat;60000000.0;54004700.0;24111.0;Manufacturing;108, KESRI NANDAN COMPLEX,NEAR GALAXY CINEMA, BHID BHANJAN  ;ROC AHMEDABAD;alangindustrialgasesltd@gmail.com;31-3-2015;31-3-2015
L24117GJ1985PLC007985;GBL INDUSTRIES LIMITED   ;ACTV;Public;Company limited by Shares;Non-govt company;26-7-1985;Gujarat;50000000.0;50000000.0;24117.0;Manufacturing;801, 8th Floor, SAFAL PRELUDE,B/h. PinnacleBusiness Park, Corporate Road, Prahladnagar  ;ROC AHMEDABAD;gujaratbitumen@gmail.com;31-3-2019;31-3-2019
L24117GJ1999PLC035512;PAR DRUGS AND CHEMICALS LIMITED   ;ACTV;Public;Company limited by Shares;Non-govt company;26-2-1999;Gujarat;87500000.0;61523180.0;24117.0;Manufacturing;805, DWARKESH COMPLEXR.C. DUTT ROAD, ALKAPURI  ;ROC AHMEDABAD;admin@pardrugs.com;31-3-2019;31-3-2019
L24119GJ1990PLC014114;CROMAKEM LIMITED   ;ACTV;Public;Company limited by Shares;Non-govt company;1-8-1990;Gujarat;40000000.0;34500000.0;24119.0;Manufacturing;A/6, NASIB APARTMENT, AMBAWADI (ELISBRIDGE)B/h. APOLLO HOSPITAL, NEAR PARIMAL UNDER BRIDGE  ;ROC AHMEDABAD;INVESTOR.RELATIONS@CROMAKEMLTD.COM;31-3-2018;31-3-2018
L24119GJ1992PLC018757;GUJARAT CYPROMET LIMITED   ;ACTV;Public;Company limited by Shares;Non-govt company;30-12-1992;Gujarat;150000000.0;120001000.0;24119.0;Manufacturing;PLOT NO 69 7081 82 SURVEYVILLAGE-IYAVAVIRAMGAM HIGHWAY, SANAND  ;ROC AHMEDABAD;clientconsultants@hotmail.com;;
L24119GJ2004PLC044011;A-1 ACID LIMITED   ;ACTV;Public;Company limited by Shares;Non-govt company;22-4-2004;Gujarat;120000000.0;100000000.0;24119.0;Manufacturing;Corporate House No. A-1, Shivalik Business Centre,B/h. Rajpath Club, S. G. Highway, Bodakdev,  ;ROC AHMEDABAD;info@a1acid.com;31-3-2019;31-3-2019
L24123GJ1975SGC106981;M.P.AGRO INDUSTRIES LIMITED   ;ACTV;Public;Company limited by Shares;State Govt company;4-12-1975;Gujarat;60000000.0;58039140.0;24123.0;Manufacturing;924, Fortune Tower,Sayajigunj,  ;ROC AHMEDABAD;mpagroindustries@gmail.com;31-3-2019;31-3-2019
L24202GJ1990PLC014589;GUJARAT BULKPACKS LIMITED   ;ACTV;Public;Company limited by Shares;Non-govt company;5-11-1990;Gujarat;70000000.0;65814000.0;24202.0;Manufacturing;6/BHAGYODAYA NR C N SHAHCOLLEGE ASHRAM RDAHMEDABAD  ;ROC AHMEDABAD;gbplindia@gmail.com;31-3-2013;31-3-2014
L24219GJ1969PLC001588;UNIPHOS ENTERPRISES LIMITED   ;ACTV;Public;Company limited by Shares;Non-govt company;29-5-1969;Gujarat;1000000000.0;139091698.0;24219.0;Manufacturing;11,GIDCVAPI  ;ROC AHMEDABAD;thackerkm@uniphos.com;31-3-2019;31-3-2019
L24219GJ1985PLC025132;UPL LIMITED   ;ACTV;Public;Company limited by Shares;Non-govt company;2-1-1985;Gujarat;4770000000.0;1528090912.0;24219.0;Manufacturing;3-11, G.I.D.C., VAPI,   ;ROC AHMEDABAD;sandeep.deshmukh@upl-ltd.com;31-3-2019;31-3-2019
L24220GJ1989PLC012463;SARIKA PAINTS LTD   ;ACTV;Public;Company limited by Shares;Non-govt company;6-7-1989;Gujarat;50000000.0;45500000.0;24220.0;Manufacturing;56 ELLIS SHOPPING CENTREELLISBRIDGE   ;ROC AHMEDABAD;kukadiasanjay@rediffmail.com;;31-3-2007
L24222GJ1990PLC014789;ASAHI SONGWON COLORS LIMITED (LUCKYLAMINATES)  ;ACTV;Public;Company limited by Shares;Non-govt company;10-12-1990;Gujarat;165000000.0;122723000.0;24222.0;Manufacturing;"""Asahi House"", 13, Aaryans Corporate Park, ThaltejNr. Shilaj Railway Crossing, Thaltej-Shilaj Road,  ";ROC AHMEDABAD;cs@asahisongwon.com;31-3-2019;31-3-2019
L24224GJ2010PLC062434;MANGALAM GLOBAL ENTERPRISE LIMITED   ;ACTV;Public;Company limited by Shares;Non-govt company;27-9-2010;Gujarat;170000000.0;160574100.0;24224.0;Manufacturing;101,Mangalam Corporate House,19/B Kalyan SocietyNear M.G. International School,Mithakhali  ;ROC AHMEDABAD;info@groupmangalam.com;31-3-2019;31-3-2019
L24229GJ1993PLC020879;JYOTI RESINS AND ADHESIVES LTD   ;ACTV;Public;Company limited by Shares;Non-govt company;17-12-1993;Gujarat;540000000.0;40000000.0;24229.0;Manufacturing;SURVEY NO. 873, OPP.ANAND HEALTHCARE, RANCHHODPURAROAD, SANTEJ,TAL. KALOL  ;ROC AHMEDABAD;info@euro7000.com;31-3-2019;31-3-2019
L24230GJ1939PLC002480;GUJCHEM DISTILLERS INDIA LIMITED   ;ACTV;Public;Company limited by Shares;Non-govt company;4-4-1939;Gujarat;100000000.0;1633545.0;24230.0;Manufacturing;OFFICE NO. 6, 2nd FLOOR, NATIONAL CHAMBERSNR. CITY GOLD, ASHRAM ROAD  ;ROC AHMEDABAD;gujchemdistillers@gmail.com;31-3-2019;31-3-2019
L24230GJ1972PLC002126;TORRENT PHARMACEUTICALS LTD   ;ACTV;Public;Company limited by Shares;Non-govt company;15-7-1972;Gujarat;1500000000.0;846113600.0;24230.0;Manufacturing;TORRENT HOUSEOFF ASHRAM ROADNAVARANGPURA 9  ;ROC AHMEDABAD;investorservices@torrentpharma.com;31-3-2019;31-3-2019
L24230GJ1976PLC008738;LYKA LABS LIMITED   ;ACTV;Public;Company limited by Shares;Non-govt company;29-12-1976;Gujarat;420000000.0;297757000.0;24230.0;Manufacturing;4801/B & 4802/A GIDC INDUTRAIL ESTATE   ;ROC AHMEDABAD;companysecretary@lykalabs.com;31-3-2019;31-3-2019
L24230GJ1980PLC003843;DENIS CHEM LAB LIMITED   ;ACTV;Public;Company limited by Shares;Non-govt company;15-7-1980;Gujarat;160000000.0;138766680.0;24230.0;Manufacturing;BLOCK NO 457CHHATRAL   ;ROC AHMEDABAD;denischem401@gmail.com;31-3-2019;31-3-2019
L24230GJ1981PLC004878;GUJARAT THEMIS BIOSYN LTD   ;ACTV;Public;Company limited by Shares;Non-govt company;11-12-1981;Gujarat;250000000.0;72639510.0;24230.0;Manufacturing;69/C, GIDC INDUSTRIAL ESTATE,VAPI  ;ROC AHMEDABAD;gtblmumbai@gtbl.in;31-3-2019;31-3-2019
L24230GJ1983PLC006329;DISHMAN PHARMACEUTICALS AND CHEMICALSLIMITED  ;AMAL;Public;Company limited by Shares;Non-govt company;29-6-1983;Gujarat;330000000.0;322788544.0;24230.0;Manufacturing;BHADR-RAJ CHAMBERS SWASTIK CROSS ROADSNAVRANGPURA  ;ROC AHMEDABAD;grievance@dishmangroup.com;31-3-2016;31-3-2016
L24230GJ1984PLC007540;LINK PHARMACHEM LIMITED   ;ACTV;Public;Company limited by Shares;Non-govt company;28-12-1984;Gujarat;50000000.0;44405680.0;24230.0;Manufacturing;162,G.I.D.C ESTATENANDESARI  ;ROC AHMEDABAD;linkpharmacs@gmail.com;31-3-2019;31-3-2019
L24230GJ1990PLC086581;NORRIS MEDICINES LIMITED   ;ACTV;Public;Company limited by Shares;Non-govt company;7-9-1990;Gujarat;101000000.0;99257500.0;24230.0;Manufacturing;Plot No. 801/P, GIDC,   ;ROC AHMEDABAD;norrismedicines@gmail.com;31-3-2019;31-3-2019
L24230GJ1991PLC014894;ADD-LIFE PHARMA LTD   ;ACTV;Public;Company limited by Shares;Non-govt company;11-1-1991;Gujarat;1500000000.0;1497583700.0;24230.0;Manufacturing;412-2/C, PAYAL COMPLEX, OPP. FORTUNE TOWERS,SAYAJIGUNJ,  ;ROC AHMEDABAD;companyscretaryconsultancy@gmail.com;31-3-2012;31-3-2012
L24230GJ1991PLC015279;TORRENT CABLES LIMITED.   ;AMAL;Public;Company limited by Shares;Non-govt company;22-3-1991;Gujarat;700000000.0;85983950.0;24230.0;Manufacturing;TORRENT HOUSE NR DINESH HALLASHRAM ROAD 9   ;ROC AHMEDABAD;invgrievance@torrentcables.com;31-3-2014;31-3-2014
L24230GJ1992PLC017592;KRIPTOL INDUSTRIES LIMITED   ;ACTV;Public;Company limited by Shares;Non-govt company;8-5-1992;Gujarat;120000000.0;113700000.0;24230.0;Manufacturing;304, AKRUTI COMPLEXNR. STADIUM SIX ROAD . CIRCLE  ;ROC AHMEDABAD;investors@roseindl.com;31-3-2018;31-3-2018
L24230GJ1992PLC017820;SAMRAT PHARMACHEM LIMITED   ;ACTV;Public;Company limited by Shares;Non-govt company;16-6-1992;Gujarat;50000000.0;30897000.0;24230.0;Manufacturing;PLOT NO A2/3445, GIDC PHASE-4,   ;ROC AHMEDABAD;contact@samratpharmachem.in;31-3-2019;31-3-2019
L24230GJ1993PLC019050;SUN PHARMACEUTICAL INDUSTRIES LIMITED   ;ACTV;Public;Company limited by Shares;Non-govt company;1-3-1993;Gujarat;6000000000.0;2399334970.0;24230.0;Manufacturing;SPARC, TANDALJA,   ;ROC AHMEDABAD;ashok.bhuta@sunpharma.com;31-3-2019;31-3-2019
L24230GJ1995PLC024288;LINCOLN PHARMACEUTICALS LTD   ;ACTV;Public;Company limited by Shares;Non-govt company;20-1-1995;Gujarat;200000000.0;200000000.0;24230.0;Manufacturing;LINCOLN HOUSE , Behind Satyam ComplexScience City Road, Sola  ;ROC AHMEDABAD;cs@lincolnpharma.com;31-3-2019;31-3-2019
L24230GJ1995PLC025661;SHREE GANESH REMEDIES LIMITED   ;ACTV;Public;Company limited by Shares;Non-govt company;27-4-1995;Gujarat;100000000.0;89713560.0;24230.0;Manufacturing;PLOT NO. 6011,G.I.D.C.,  ;ROC AHMEDABAD;chandu.kothia@ganeshremedies.com;31-3-2019;31-3-2019
L24230GJ1995PLC025878;CADILA HEALTHCARE LIMITED   ;ACTV;Public;Company limited by Shares;Non-govt company;15-5-1995;Gujarat;1725000000.0;1023472600.0;24230.0;Manufacturing;Zydus Corporate Park,Scheme No. 63, Survey No. 536Khoraj(Gandhinagar),Nr. Vaishnodevi Circle,  ;ROC AHMEDABAD;dhavalsoni@zyduscadila.com;31-3-2019;31-3-2019
L24230GJ1995PLC094606;STERLING WEBNET LIMITED   ;ACTV;Public;Company limited by Shares;Non-govt company;25-8-1995;Gujarat;65000000.0;57948000.0;24230.0;Manufacturing;104, SAMEDH BUILDINGBESIDE ASSOCIATED PETROL PUMP, C.G. ROAD  ;ROC AHMEDABAD;sterlingwebnetltd@gmail.com;31-3-2019;31-3-2019
L24230GJ2010PLC061123;ALEMBIC PHARMACEUTICALS LIMITED   ;ACTV;Public;Company limited by Shares;Non-govt company;16-6-2010;Gujarat;480000000.0;377000000.0;24230.0;Manufacturing;ALEMBIC ROAD,   ;ROC AHMEDABAD;charandeep.singh@alembic.co.in;31-3-2019;31-3-2019
L24231GJ1974PLC002615;GUJARAT CARBON AND INDUSTRIES LTD   ;ACTV;Public;Company limited by Shares;Non-govt company;11-11-1974;Gujarat;250000000.0;132406760.0;24231.0;Manufacturing;6TH FLOOR ,OFFTEL TOWERS,R.C. DUTTA ROAD ,ALKAPURI  ;ROC AHMEDABAD;gujaratcarbon@gmail.com;31-3-2016;31-3-2016
L24231GJ1985PLC007664;ZORA PHARMA LIMITED   ;AMAL;Public;Company limited by Shares;Non-govt company;21-2-1985;Gujarat;100000000.0;62433500.0;24231.0;Manufacturing;44 B NALDHARI VILLAGE P OVALIAVIA ANKLESWAR  ;ROC AHMEDABAD;udaypat@hotmail.com;30-9-2008;30-9-2008
L24231GJ1987PLC009392;SUPER CROP SAFE LIMITED   ;ACTV;Public;Company limited by Shares;Non-govt company;9-2-1987;Gujarat;100000000.0;80429000.0;24231.0;Manufacturing;C-1/290, GIDC ESTATE,NARODA,  ;ROC AHMEDABAD;super_crop_safe@yahoo.com;31-3-2019;31-3-2019
L24231GJ1988PLC010956;KAMRON LABORATORIES LIMITED   ;ACTV;Public;Company limited by Shares;Non-govt company;6-7-1988;Gujarat;60500000.0;58500000.0;24231.0;Manufacturing;904,9TH FLOOR, SHAPATH-I COMPLEX, OPP.RAJPATH CLUBNR. MADHUR HOTEL, S. G. HIGHWAY, BODAKDEV  ;ROC AHMEDABAD;info@kamronlabs.com;31-3-2019;31-3-2019
L24231GJ1988PLC011458;REKVINA LABORATORIES LIMITED   ;ACTV;Public;Company limited by Shares;Non-govt company;1-11-1988;Gujarat;35000000.0;30140000.0;24231.0;Manufacturing;328 PARADISE COMPLEXSAYAJIGUNJ   ;ROC AHMEDABAD;rekvina@gmail.com;31-3-2017;31-3-2018
L24231GJ1991PLC015390;VADILAL CHEMICALS LIMITED   ;ACTV;Public;Company limited by Shares;Non-govt company;11-4-1991;Gujarat;100000000.0;48740000.0;24231.0;Manufacturing;503-504, Aditya Building,Nr. Sardar Patel SevaSamaj, Mithakhali, Navrangpura, Ahmedabad  ;ROC AHMEDABAD;cs.vcl@vadilalgroup.com;31-3-2019;31-3-2019
L24231GJ1992PLC017054;ISHITA DRUGS AND INDUSTRIES LIMITED   ;ACTV;Public;Company limited by Shares;Non-govt company;5-2-1992;Gujarat;35000000.0;29903000.0;24231.0;Manufacturing;SURVEY NO 179/1, VASNA-IYAVA,TALUKA SANAND  ;ROC AHMEDABAD;ishitadrugs@gmail.com;31-3-2019;31-3-2019
L24231GJ1992PLC017216;GENUINE COMODITIES DEVELOPMENT COMPANYLIMITED  ;ACTV;Public;Company limited by Shares;Non-govt company;3-3-1992;Gujarat;40000000.0;33592000.0;24231.0;Manufacturing;37/1, JAYANT PARK, ISANPURMANINAGAR  ;ROC AHMEDABAD;e_secure@sify.com;;31-3-2011
L24231GJ1992PLC017496;ZILLION PHARMA CHEM LIMITED   ;ACTV;Public;Company limited by Shares;Non-govt company;24-4-1992;Gujarat;70000000.0;70000000.0;24231.0;Manufacturing;IOL HOUSE, SWATI APTS, OPP CENTRAL BANK LANE,AMBAWADI  ;ROC AHMEDABAD;nestrolimited@gmail.com;31-3-2014;31-3-2014
L24231GJ1992PLC018142;KARNAVATI ALFA INTERNATIONAL LTD   ;ACTV;Public;Company limited by Shares;Non-govt company;10-8-1992;Gujarat;50000000.0;40063000.0;24231.0;Manufacturing;SURVEY NO. 189/1-2, KAILASH INDUSTRIAL ESTATEVILLAGE - IYAVA - VASNA, SANAND VIRAMGAM HIGHWAY  ;ROC AHMEDABAD;karnavati_alfa@yahoo.com;31-3-2007;31-3-2008
L24231GJ1992PLC018224;HEMO ORGANIC LIMITED   ;ACTV;Public;Company limited by Shares;Non-govt company;28-8-1992;Gujarat;35000000.0;34659000.0;24231.0;Manufacturing;8-A, GULNAR, CHINAR - GULNAR APPT.V V NAGAR ROAD  ;ROC AHMEDABAD;drdineshpatel@rediffmail.com;31-3-2019;31-3-2019
L24231GJ1992PLC018237;BHARAT PARENTERALS LIMITED   ;ACTV;Public;Company limited by Shares;Non-govt company;3-9-1992;Gujarat;58000000.0;57296660.0;24231.0;Manufacturing;VILL-HARIPURASAVLI  ;ROC AHMEDABAD;cs@bplindia.in;31-3-2019;31-3-2019
L24231GJ1992PLC018431;NATURO-PEST LIMITED   ;ACTV;Public;Company limited by Shares;Non-govt company;15-10-1992;Gujarat;60000000.0;39427520.0;24231.0;Manufacturing;"""AC HOUSE"", OPP. DULIRAM PENDAWALA, PRATAP ROADRAOPURA  ";ROC AHMEDABAD;achouse@rediffmail.com;31-3-2013;31-3-2013
L24231GJ1993PLC019079;SHUKRA PHARMACEUTICALS LIMITED   ;ACTV;Public;Company limited by Shares;Non-govt company;4-3-1993;Gujarat;120000000.0;15656750.0;24231.0;Manufacturing;3rd Floor, Dev House,Opp. WIAA Office, Judges Bungalows Road, Bodakdev,  ;ROC AHMEDABAD;info@shukrapharmaceuticals.com;31-3-2019;31-3-2019
L24231GJ1993PLC019178;CANVAY CHEMICALS LIMITED   ;ACTV;Public;Company limited by Shares;Non-govt company;22-3-1993;Gujarat;50000000.0;30075000.0;24231.0;Manufacturing;P. No 73 J Type GIDC Vapi Tal-Pardi,Village-Vapi INA Taluka:Pardi District:Valsad  ;ROC AHMEDABAD;tarunvapi@yahoo.in;31-3-2019;31-3-2019
L24231GJ1993PLC019444;USHANTI COLOUR CHEM LIMITED   ;ACTV;Public;Company limited by Shares;Non-govt company;12-5-1993;Gujarat;100000000.0;73017000.0;24231.0;Manufacturing;88/8 G I D C PHASE IVATVA   ;ROC AHMEDABAD;admin@ushanti.com;31-3-2019;31-3-2019
L24231GJ1993PLC020442;SPAN DYESTUFF INDUSTRIES LTD   ;ACTV;Public;Company limited by Shares;Non-govt company;18-10-1993;Gujarat;35000000.0;33583000.0;24231.0;Manufacturing;5,NARAYAN CHAMBERS,2ND FLOOR,ASHRAM ROADAHMEDABAD.  ;ROC AHMEDABAD;chemtexdyestuff@gmail.com;31-3-2010;31-3-2010
L24231GJ1994PLC022613;PROLIFE INDUSTRIES LIMITED   ;ACTV;Public;Company limited by Shares;Non-govt company;27-7-1994;Gujarat;45000000.0;40940800.0;24231.0;Manufacturing;213,G.I.D.C.PANOLI  ;ROC AHMEDABAD;info@prolifeindustries.in;31-3-2019;31-3-2019
L24231GJ1994PLC023504;PARMAX PHARMA LIMITED   ;ACTV;Public;Company limited by Shares;Non-govt company;2-11-1994;Gujarat;60000000.0;37413000.0;24231.0;Manufacturing;Plot No. 20, Survey No. 52,Rajkot-Gondal National Highway No. 27,  ;ROC AHMEDABAD;info@parmaxpharma.com;31-3-2019;31-3-2019
L24231GJ1994PLC023574;ZENITH HEALTHCARE LIMITED   ;ACTV;Public;Company limited by Shares;Non-govt company;15-11-1994;Gujarat;110000000.0;53739000.0;24231.0;Manufacturing;504, ISCON ELEGANCE, PRAHLAD NAGAR CROSS ROADNR. ANAND DHAM JAIN DERASAR, S. G. ROAD,  ;ROC AHMEDABAD;mahendrazenith@hotmail.com;31-3-2019;31-3-2019
L24231GJ1995PLC024809;SWORD AND SHIELD PHARMA LTD   ;ACTV;Public;Company limited by Shares;Non-govt company;28-2-1995;Gujarat;60000000.0;51506000.0;24231.0;Manufacturing;55, World Business House,Near Parimal Garden,Ambawadi,  ;ROC AHMEDABAD;swordnshield1995@gmail.com;31-3-2019;31-3-2019
L24231GJ1995PLC024879;SARTHI PHARMACEUTICALS LIMITED   ;ACTV;Public;Company limited by Shares;Non-govt company;6-3-1995;Gujarat;55000000.0;35469000.0;24231.0;Manufacturing;609, Pratiksha Complex, Opp. Shalimar ComplexMahalaxmi Panch Rasta, Paldi  ;ROC AHMEDABAD;sarthipharmaceuticals@yahoo.co.in;31-3-2019;31-3-2019
L24231GJ1995PLC025276;OMKAR PHARMACHEM LIMITED   ;ACTV;Public;Company limited by Shares;Non-govt company;31-3-1995;Gujarat;105000000.0;100836750.0;24231.0;Manufacturing;501,MAHAKANT BUILDING OPP V.S.HOSPITALASHRAM ROAD ELLISBRIDGE  ;ROC AHMEDABAD;investors.opl@gmail.com;31-3-2019;31-3-2019
L24231GJ1995PLC028189;KRIMY BISCUITS AND CHEMICAL INDUSTRIESLTD.  ;ACTV;Public;Company limited by Shares;Non-govt company;22-11-1995;Gujarat;67500000.0;39300750.0;24231.0;Manufacturing;130, VITHAL UDYOGNAGAR,VIA ANANDGUJARAT.  ;ROC AHMEDABAD;info@krimybiscuits.com;31-3-2019;31-3-2019
L24231GJ1997PLC031669;CORAL LABORATORIES LIMITED   ;ACTV;Public;Company limited by Shares;Non-govt company;6-2-1997;Gujarat;100000000.0;35726000.0;24231.0;Manufacturing;SF- 206, Silver Oak Complex, B.P.C RoadVadodara  ;ROC AHMEDABAD;cs@corallab.com;31-3-2019;31-3-2019
L24231GJ1998PLC034094;KIRI INDUSTRIES LIMITED   ;ACTV;Public;Company limited by Shares;Non-govt company;14-5-1998;Gujarat;2000000000.0;379541460.0;24231.0;Manufacturing;7th FLOOR, HASUBHAI CHAMBERS,TOWNHALL, ELLISBRIDGE,  ;ROC AHMEDABAD;info@kiriindustries.com;31-3-2019;31-3-2019
L24231GJ2000PLC038352;ZOTA HEALTH CARE LIMITED   ;ACTV;Public;Company limited by Shares;Non-govt company;12-7-2000;Gujarat;250000000.0;245603270.0;24231.0;Manufacturing;ZOTA HOUSE 2/896 HIRA MODI STREETSAGRAMPURA  ;ROC AHMEDABAD;info@zotahealthcare.com;31-3-2019;31-3-2019
L24231GJ2004PLC043861;SAKAR HEALTHCARE LIMITED   ;ACTV;Public;Company limited by Shares;Non-govt company;26-3-2004;Gujarat;150000000.0;149610000.0;24231.0;Manufacturing;Block No. 10/13, Village: Changodar,Sarkhej-Bavla Highway, Tal:Sanand, Dist: Ahmedabad  ;ROC AHMEDABAD;cs@sakarhealthcare.com;31-3-2019;31-3-2019
L24231GJ2012PLC068778;ARVEE LABORATORIES (INDIA) LIMITED   ;ACTV;Public;Company limited by Shares;Non-govt company;27-1-2012;Gujarat;60000000.0;55100000.0;24231.0;Manufacturing;403, Entice, Nr. Jayantilal Park BRTS,Iscon Bopal Road, Ambli  ;ROC AHMEDABAD;compliance@arveelabs.com;31-3-2019;31-3-2019
L24232GJ1994PLC021023;ICON BIOPHARMA AND HEALTHCARE LIMITED   ;ACTV;Public;Company limited by Shares;Non-govt company;7-1-1994;Gujarat;120000000.0;116178500.0;24232.0;Manufacturing;1001, 1003, & 1004, 10TH FLOORPARSHWA TOWERSOPP-TEJ MOTORS, NR.RAJPATH CLUB,SARKHEJ-GANDHI  ;ROC AHMEDABAD;iconbiopharma@yahoo.co.in;31-3-2018;31-3-2018
L24232GJ2007PLC049867;ERIS LIFESCIENCES LIMITED   ;ACTV;Public;Company limited by Shares;Non-govt company;25-1-2007;Gujarat;300000000.0;137519783.0;24232.0;Manufacturing;8th Floor, Commerce House- IV,Prahladnagar, 100 ft road  ;ROC AHMEDABAD;complianceofficer@erislifesciences.com;31-3-2019;31-3-2019
